hash,content,template
cf9c95d3bc4886c4c3ab6f199d8956919d67d4aa1aa961de609b4781a992b757,reverse mapping checking getaddrinfo for <*> [<*>] failed - POSSIBLE BREAK-IN ATTEMPT!,sepses:LogLine
18f9747e396f56689020ce4f2117e40bce615d00367dc79c3cf2666c8e1bfab4,Invalid user <*> from <*>,sepses:InvalidUser
dd6a1f6614adb1c2f93aec9fd66131e9abd2e571af4a8f6a3c4a7b584995f1b6,input_userauth_request: invalid user <*> [preauth],sepses:LogLine
e66ffbed70a4495b92f879ced6e6495753fa53c60eeef5d3cdc32b6a1b4ae727,pam_unix(sshd:auth): check pass; user unknown,sepses:LogLine
97023c81faef5ed35243db90351de043220be6ae0115c59a9f94e33cbbfd259a,pam_unix(sshd:auth): authentication failure; logname= uid=<*> euid=<*> tty=ssh ruser= <*>,sepses:LogLine
b9c7546e46076cfd25cce3ada419affe4a4aadeb23fb54014d9a721ef9806e9e,Failed <*> for invalid user <*> from <*> port <*> ssh<*>,sepses:LogLine
afa770abd380aca13d672043acc47d3d10fc7b1357dc03f03f164f173b97c384,Connection closed by <*> [preauth],sepses:LogLine
cb8a0663760c11c98ac4d9e44a22c20d7133a84864df51b499f44374140a4486,Received disconnect from <*> <*>: <*> <*> <*>,sepses:LogLine
12f58bf6791c9ab018c8db305eea55de334eae71359365f5461b86230930b94d,pam_unix(sshd:auth): authentication failure; logname= uid=<*> euid=<*> tty=ssh ruser= <*> <*>,sepses:LogLine
9f75ffc8b9e7f3afb489a0c95f99f541e3ee959a196d906a400446914f0ba762,Failed password for <*> from <*> port <*> ssh<*>,sepses:LogLine
386b095ed05721ff50eb9607aa5655019c3c4d1441ed6216cd877c2a9cbbc8c1,message repeated <*> times: [ Failed password for root from <*> port <*> ssh2],sepses:LogLine
5423acb22810a8f79584bd291a37d470ec95611daee433f2c04a5e5d429e313b,Disconnecting: Too many authentication failures for root [preauth],sepses:LogLine
328ff7aeda24cc46de7cfcc08a038e162ec3e5d8d98e31451dbf72f82159c2c1,PAM <*> more authentication failures; logname= uid=<*> euid=<*> tty=ssh ruser= <*> user=root,sepses:LogLine
e02dfd162257cbba151bcaeecf15fc244ff926d611512f36406f5a92983e89c9,PAM service(sshd) ignoring max retries; <*> > <*>,sepses:LogLine
6c47a3541153d2ca40c094d6c49e5fc5f760560292eef77dcab81b982bf79c3e,Did not receive identification string from <*>,sepses:LogLine
3575938da1e7e0db188feb4d7fd6009473ea612e93948c8dfe3683d6cb147e7d,error: Received disconnect from <*> <*>: com.jcraft.jsch.JSchException: Auth fail [preauth],sepses:LogLine
57444329066975140546c3b27eb6d5f2e67e027d1e6580f6a096aecd0285d227,Received disconnect from <*> <*>: Closed due to user request. [preauth],sepses:LogLine
e2c3c03793e1d0ada83d48e7c78e26df71e04da60a2e62ffd103bc254bade3fb,PAM <*> more authentication <*> logname= uid=<*> euid=<*> tty=ssh ruser= rhost=<*>,sepses:LogLine
62aabc714fb4bc274f20505330b93347bcbfc46c2ef590e54cd983745f12e57a,error: Received disconnect from <*> <*>: No more user authentication methods available. [preauth],sepses:LogLine
128aad82eff62a54b64bdd616338371f8a4b96a62c00ef7ec388f4665c09bdfd,Accepted password for fztu from <*> port <*> ssh<*>,sepses:LogLine
b62d0582572095a330b2dbd977d2e1c10f2b283e0bd9aa1e752c0745e252425f,pam_unix(sshd:session): session opened for user fztu by (uid=<*>),sepses:LogLine
8de2e2f553710f4f95f31f6c4cc736a66a3182b634d1d4a166be99d65dad6bbc,pam_unix(sshd:session): session closed for user fztu,sepses:LogLine
