hash,content,template,keywords
9e6c39244b9d9e5e9b5b3f854df5f81272ccf37a427f28c2e55996ef19c2b72b,pam_unix(cron:session): session opened for user root by (uid=<*>),sepses:LogLine_c257f384,session open|user root
1124ec984c187d9885903eccb046614204a03e027a094490154f26550b0cb351,pam_unix(cron:session): session closed for user root,sepses:LogLine,session close|user root
18f9747e396f56689020ce4f2117e40bce615d00367dc79c3cf2666c8e1bfab4,Invalid user <*> from <*>,sepses:LogLine_9302fad4,invalid user
dd6a1f6614adb1c2f93aec9fd66131e9abd2e571af4a8f6a3c4a7b584995f1b6,input_userauth_request: invalid user <*> [preauth],sepses:LogLine_6b674ff1,invalid user
e66ffbed70a4495b92f879ced6e6495753fa53c60eeef5d3cdc32b6a1b4ae727,pam_unix(sshd:auth): check pass; user unknown,sepses:LogLine,check pass|user unknown
273bf1142465c219b9606027172d0a8fc4586c606cd696f57c0fc846d9972e0a,pam_unix(sshd:auth): authentication failure; logname= uid=<*> euid=<*> tty=ssh ruser= rhost=<*>,sepses:LogLine_e0a8b45a,authentication failure
b9c7546e46076cfd25cce3ada419affe4a4aadeb23fb54014d9a721ef9806e9e,Failed <*> for invalid user <*> from <*> port <*> ssh<*>,sepses:LogLine_755dc626,invalid user
67f8cd1b4a25d6a138862ab3eefb29dd9aaa0e6e8fb8fd15e12f0a6e9bc112f4,Received disconnect from <*> port <*>:<*>: <*> <*> <*>,sepses:LogLine_c0a756ec,receive disconnect
9010528dcab249f2ceb376399d2c3d7d3d27e07523e5146b9d425b731ed3d3a2,Disconnected from <*> port <*> [preauth],sepses:LogLine_0054e5e2,
a15ced06cbcb8806a9b8f6f967942a167d760f357b6ed6b0f638f4ed8100924e,refused connect from <*> (<*>),sepses:LogLine_95184834,refuse connect
e57aefaaad6b30ff69e3e01706c4ab83ed04a4ea83b2f03f396902112529a768,Connection <*> by <*> port <*> [preauth],sepses:LogLine_0a7846c3,
faa379246630d2035fe4e3a4e29140b7a9f6568a3e59dea532f5ce51492a272b,"fatal: Unable to negotiate with <*> port <*>: no matching cipher found. Their offer: aes256-cbc,rijndael-cbc@lysator.liu.se,aes192-cbc,aes128-cbc,arcfour128,arcfour,3des-cbc,none [preauth]",sepses:LogLine_21b7e1d1,matching cipher find
3d63177ba3dcc9f0305fc1969322f8bc12b8257b40eee324ebed6c39d3b7633e,pam_unix(sshd:auth): authentication failure; logname= uid=<*> euid=<*> tty=ssh ruser= rhost=<*> <*>,sepses:LogLine_54ff4343,authentication failure
9f75ffc8b9e7f3afb489a0c95f99f541e3ee959a196d906a400446914f0ba762,Failed password for <*> from <*> port <*> ssh<*>,sepses:LogLine_ada372e1,fail password
6c47a3541153d2ca40c094d6c49e5fc5f760560292eef77dcab81b982bf79c3e,Did not receive identification string from <*>,sepses:LogLine_c926c7d9,receive identification string
c43032142e912012e11e867299d81f9b12559ca243373b88f4c104d5c6d589b7,Bad protocol version identification '\<*>\253d\241EZC\333M\<*>\<*>^\<*>\<*>\<*> X\<*>>\<*>\<*>\<*><\<*>\<*>\<*>' from <*> port <*>,sepses:LogLine_6927e4a0,bad protocol version identification|x \
8c3d0a2aa08bf292aba28c4b34921c781910865001c3d375aa55627f95a484e2,Bad protocol version identification <*> from <*> port <*>,sepses:LogLine_bf9b6a0d,bad protocol version identification
1b8510702347034c77f4211f79557852998708631083dc54598772e3ebc89a2b,error: Received disconnect from <*> port <*>:<*>: Service not available [preauth],sepses:LogLine_aa869e2e,receive disconnect
386b095ed05721ff50eb9607aa5655019c3c4d1441ed6216cd877c2a9cbbc8c1,message repeated <*> times: [ Failed password for root from <*> port <*> ssh2],sepses:LogLine_b542638e,message repeat|fail password
9dbccd80a00615f49c3be2a76696eb627d215f300f73a80e674f70e50bd1af40,error: maximum authentication attempts exceeded for root from <*> port <*> ssh2 [preauth],sepses:LogLine_cc5fc443,maximum authentication attempt exceed
4ccc78b3d1aa901c37ddb64f50622c471a5ed0ee5f8ffdab85f611e1e37c9d81,Disconnecting: Too many authentication failures [preauth],sepses:LogLine,many authentication failure
7018274c87bdcbb10b35001a0c4f0da8d30b51a7d8cd2127372d6bd9dbd093d9,PAM <*> more authentication failures; logname= uid=<*> euid=<*> tty=ssh ruser= rhost=<*> user=root,sepses:LogLine_cbf938f4,authentication failure
e02dfd162257cbba151bcaeecf15fc244ff926d611512f36406f5a92983e89c9,PAM service(sshd) ignoring max retries; <*> > <*>,sepses:LogLine_2f2318e5,pam service|ignore max retry
fdc0ee1784ec51fcbf5a11626cd94b1349bc3270b62f519eb5db2ced5b218b3a,Invalid user from <*>,sepses:LogLine_656c9596,invalid user
bd2746078c3b8cf80f246a7a4e813e0a0cb9913dd74b5c7e2db3a223fc3b7251,input_userauth_request: invalid user [preauth],sepses:LogLine,invalid user
67bb86204ffb3456146eb4828b127341381566fc15269662a460e6180f17be8a,Failed password for invalid user from <*> port <*> ssh<*>,sepses:LogLine_5a9ee5c4,fail password|invalid user
e0d30855b273d500a8a081c40fba0149f4fcd67d791a27d76ba551b4bd1d96ab,invalid public DH value: <= <*> [preauth],sepses:LogLine_d6c4c090,invalid public dh value
7b04084603d7b63f46ce35e5c129776bf41367619976f807734093d6493697e6,fatal: ssh_dispatch_run_fatal: Connection from <*> port <*>: incomplete message [preauth],sepses:LogLine_e9a14f03,ssh _ dispatch|incomplete message
76b1c03c3831a828387feeebeeaa90dd529e5a760b1777079525f7cefd9f86df,"Received disconnect from <*> port <*>:<*>: Normal Shutdown, Thank you for playing [preauth]",sepses:LogLine_7aad7007,receive disconnect|normal shutdown
ba447688010cb881f45d8fc6b0a9f674a428b81337f21126f5b38db137dd6a55,Received disconnect from <*> port <*>:<*>: Client disconnecting normally [preauth],sepses:LogLine_759cf92f,receive disconnect|client disconnect
394518fed9b31068f85454a054123558cce2e5c9bd0f702507c378fbf8e27138,Accepted password for fekaputr from <*> port <*> ssh<*>,sepses:LogLine_f1e55f2a,accepted password
017b02413d6e1f3ef4bcb6f2db7b581da529c87b2537437f090c0b28674c9354,pam_unix(sshd:session): session opened for user fekaputr by (uid=<*>),sepses:LogLine_1ac6a9ee,session open|user fekaputr
e493921cf12a374eaa54d323bc3f057b058a975352134ddbfb3aeabc34391ace,New session <*> of user fekaputr.,sepses:LogLine_3e503675,New session|user fekaputr
acb95e9f5f93c0d38b5b144d46c6027450e75572d7439cd071db3408f58f858f,pam_unix(systemd-user:session): session opened for user fekaputr by (uid=<*>),sepses:LogLine_254911f8,session open|user fekaputr
d3d24f6fd6930d32c0b358b5d4816bdb45b58d35cc589e3d05194da5eff94fa3,fekaputr : TTY=pts/<*> ; <*> ; USER=root ; <*>,sepses:LogLine_74d07e77,
cb471150dd54af3871fc9eb79521e85d2b7964809bd1ec3607a6a124058a59ce,pam_unix(sudo:session): session opened for user root by fekaputr(uid=<*>),sepses:LogLine_e4bceaa2,session open|user root
8d2cdd217ed642e6829d08ecd35e9f7d2fba715c216532d5a37b74a4cc47e044,pam_unix(sshd:session): session closed for user fekaputr,sepses:LogLine,session close|user fekaputr
7dccde47696fdc3c71cad7382cf76b00372a7b22608c7c67101124d3f52d6364,New seat seat0.,sepses:LogLine,new seat seat0
ce32b7047203487c3c6b5b44f59d786cfe6c9d72df81f8c3de5ad76c8b1afcbf,Watching system buttons on /dev/input/event0 (Power Button),sepses:LogLine,watch system button|power button
93019783e9608b840068c480bfbdac257b9bc89e37caee61d981ff3b9d587eb9,Server listening on <*> port <*>.,sepses:LogLine_8938d159,server listen
bef146c121c01c4f54c1b56e4d737f7f3ab2acd38b2d8c3c3deab43bef9148a8,fekaputr : TTY=pts/<*> ; <*> ; USER=root ; <*> <*>,sepses:LogLine_bff67196,
a7e2b500f842b0bdc6d90b298487adeaace0d373fbdb2c75ad25fc6cb0b0787d,pam_unix(sudo:session): session closed for user root,sepses:LogLine,session close|user root
98a2f50b244588f2bcf1947390b2c269232bdf53dac3f2b903cc8b28e1a068c4,Disconnected from <*> port <*>,sepses:LogLine_aeebac42,
d33787647c09f1b1ec8f45c6d89291043cb1722978d4026b9c770901d2e42c22,pam_unix(sudo:auth): auth could not identify password for [fekaputr],sepses:LogLine,identify password
ff1cc733d20e0a72de467d65e22216f823a9b52e90d3e0c4be9e0d8c4e324f36,fekaputr : TTY=pts/<*> ; PWD=/home/fekaputr ; USER=root ; COMMAND=/usr/bin/apt-get purge linux-image-<*>.<*>.<*>-<*>-generic linux-image-<*>.<*>.<*>-<*>-generic linux-image-<*>.<*>.<*>-<*>-generic linux-image-<*>.<*>.<*>-<*>-generic linux-image-<*>.<*>.<*>-<*>-generic linux-image-<*>.<*>.<*>-<*>-generic linux-image-<*>.<*>.<*>-<*>-generic linux-image-<*>.<*>.<*>-<*>-generic linux-image-<*>.<*>.<*>-<*>-generic linux-image-<*>.<*>.<*>-<*>-generic linux-image-<*>.<*>.<*>-<*>-generic linux-image-<*>.<*>.<*>-<*>-generic linux-image-<*>.<*>.<*>-<*>-generic linux-image-<*>.<*>.<*>-<*>-generic linux-image-<*>.<*>.<*>-<*>-generic linux-image-<*>.<*>.<*>-<*>-generic linux-image-<*>.<*>.<*>-<*>-generic linux-image-<*>.<*>.<*>-<*>-generic linux-image-<*>.<*>.<*>-<*>-generic linux-image-<*>.<*>.<*>-<*>-generic linux-image-<*>.<*>.<*>-<*>-generic linux-image-<*>.<*>.<*>-<*>-generic linux-image-<*>.<*>.<*>-<*>-generic linux-image-<*>.<*>.<*>-<*>-generic linux-image-<*>.<*>.<*>-<*>-generic linux-image-<*>.<*>.<*>-<*>-generic linux-image-<*>.<*>.<*>-<*>-generic linux-image-<*>.<*>.<*>-<*>-generic linux-image-<*>.<*>.<*>-<*>-generic,sepses:LogLine_5243dad2,purge linux-image|generic linux-image|generic linux-image|generic linux-image|generic linux-image|generic linux-image|generic linux-image|generic linux-image|generic linux-image|generic linux-image|generic linux-image|generic linux-image|generic linux-image|generic linux-image|generic linux-image|generic linux-image|generic linux-image|generic linux-image|generic linux-image|generic linux-image|generic linux-image|generic linux-image|generic linux-image|generic linux-image|generic linux-image|generic linux-image|generic linux-image|generic linux-image|generic linux-image
2afeccbd1868827518c7f0285a9344ad6fa82ebb1d640d44882a27a34fdd3e88,fekaputr : (command continued) linux-image-<*>.<*>.<*>-<*>-generic linux-image-<*>.<*>.<*>-<*>-generic linux-image-<*>.<*>.<*>-<*>-generic linux-image-<*>.<*>.<*>-<*>-generic linux-image-<*>.<*>.<*>-<*>-generic linux-image-<*>.<*>.<*>-<*>-generic linux-image-<*>.<*>.<*>-<*>-generic linux-image-<*>.<*>.<*>-<*>-generic linux-image-<*>.<*>.<*>-<*>-generic linux-image-<*>.<*>.<*>-<*>-generic linux-image-<*>.<*>.<*>-<*>-generic linux-image-<*>.<*>.<*>-<*>-generic,sepses:LogLine_da707c9e,command continue|generic linux-image|generic linux-image|generic linux-image|generic linux-image|generic linux-image|generic linux-image|generic linux-image|generic linux-image|generic linux-image|generic linux-image|generic linux-image
25911361f5fc36514ba5e877b1529639eb52551f764a29460d23dae4b6b66abf,fekaputr : TTY=pts/<*> ; PWD=/home/fekaputr ; USER=root ; COMMAND=/usr/bin/apt-get purge linux-image-extra-<*>.<*>.<*>-<*>-generic linux-image-extra-<*>.<*>.<*>-<*>-generic linux-image-extra-<*>.<*>.<*>-<*>-generic linux-image-extra-<*>.<*>.<*>-<*>-generic linux-image-extra-<*>.<*>.<*>-<*>-generic linux-image-extra-<*>.<*>.<*>-<*>-generic linux-image-extra-<*>.<*>.<*>-<*>-generic linux-image-extra-<*>.<*>.<*>-<*>-generic linux-image-extra-<*>.<*>.<*>-<*>-generic linux-image-extra-<*>.<*>.<*>-<*>-generic linux-image-extra-<*>.<*>.<*>-<*>-generic linux-image-extra-<*>.<*>.<*>-<*>-generic linux-image-extra-<*>.<*>.<*>-<*>-generic linux-image-extra-<*>.<*>.<*>-<*>-generic linux-image-extra-<*>.<*>.<*>-<*>-generic linux-image-extra-<*>.<*>.<*>-<*>-generic linux-image-extra-<*>.<*>.<*>-<*>-generic linux-image-extra-<*>.<*>.<*>-<*>-generic linux-image-extra-<*>.<*>.<*>-<*>-generic linux-image-extra-<*>.<*>.<*>-<*>-generic linux-image-extra-<*>.<*>.<*>-<*>-generic linux-image-extra-<*>.<*>.<*>-<*>-generic linux-image-extra-<*>.<*>.<*>-<*>-generic linux-image-extra-<*>.<*>.<*>-<*>-generic,sepses:LogLine_016faa83,purge linux-image-extra|generic linux-image-extra|generic linux-image-extra|generic linux-image-extra|generic linux-image-extra|generic linux-image-extra|generic linux-image-extra|generic linux-image-extra|generic linux-image-extra|generic linux-image-extra|generic linux-image-extra|generic linux-image-extra|generic linux-image-extra|generic linux-image-extra|generic linux-image-extra|generic linux-image-extra|generic linux-image-extra|generic linux-image-extra|generic linux-image-extra|generic linux-image-extra|generic linux-image-extra|generic linux-image-extra|generic linux-image-extra|generic linux-image-extra
f8ae6a9c17b2011bd32f6952c59852f727e783f94c754dbb4feb0d7e0d950a86,fekaputr : (command continued) linux-image-extra-<*>.<*>.<*>-<*>-generic linux-image-extra-<*>.<*>.<*>-<*>-generic linux-image-extra-<*>.<*>.<*>-<*>-generic linux-image-extra-<*>.<*>.<*>-<*>-generic linux-image-extra-<*>.<*>.<*>-<*>-generic linux-image-extra-<*>.<*>.<*>-<*>-generic linux-image-extra-<*>.<*>.<*>-<*>-generic linux-image-extra-<*>.<*>.<*>-<*>-generic linux-image-extra-<*>.<*>.<*>-<*>-generic linux-image-extra-<*>.<*>.<*>-<*>-generic linux-image-extra-<*>.<*>.<*>-<*>-generic linux-image-extra-<*>.<*>.<*>-<*>-generic linux-image-extra-<*>.<*>.<*>-<*>-generic linux-image-extra-<*>.<*>.<*>-<*>-generic linux-image-extra-<*>.<*>.<*>-<*>-generic linux-image-extra-<*>.<*>.<*>-<*>-generic linux-image-extra-<*>.<*>.<*>-<*>-generic,sepses:LogLine_370ced88,command continue|generic linux-image-extra|generic linux-image-extra|generic linux-image-extra|generic linux-image-extra|generic linux-image-extra|generic linux-image-extra|generic linux-image-extra|generic linux-image-extra|generic linux-image-extra|generic linux-image-extra|generic linux-image-extra|generic linux-image-extra|generic linux-image-extra|generic linux-image-extra|generic linux-image-extra|generic linux-image-extra
3a14a81ba48a4dc93dff826c058032c6f6629ef5bcd49405146d44cad8e95113,fekaputr : TTY=pts/<*> ; <*> ; USER=root ; <*> <*> <*>,sepses:LogLine_87649ba7,
58fe88bbda9492cdf1c7abc20476322de339afa416b7c18e7735dc6a10d918f0,fekaputr : (command continued) linux-image-extra-<*>.<*>.<*>-<*>-generic linux-image-extra-<*>.<*>.<*>-<*>-generic linux-image-extra-<*>.<*>.<*>-<*>-generic linux-image-extra-<*>.<*>.<*>-<*>-generic linux-image-extra-<*>.<*>.<*>-<*>-generic linux-image-extra-<*>.<*>.<*>-<*>-generic linux-image-extra-<*>.<*>.<*>-<*>-generic linux-image-extra-<*>.<*>.<*>-<*>-generic linux-image-extra-<*>.<*>.<*>-<*>-generic linux-image-extra-<*>.<*>.<*>-<*>-generic linux-image-extra-<*>.<*>.<*>-<*>-generic linux-image-extra-<*>.<*>.<*>-<*>-generic linux-image-extra-<*>.<*>.<*>-<*>-generic linux-image-extra-<*>.<*>.<*>-<*>-generic linux-image-extra-<*>.<*>.<*>-<*>-generic linux-image-extra-<*>.<*>.<*>-<*>-generic,sepses:LogLine_a65460a2,command continue|generic linux-image-extra|generic linux-image-extra|generic linux-image-extra|generic linux-image-extra|generic linux-image-extra|generic linux-image-extra|generic linux-image-extra|generic linux-image-extra|generic linux-image-extra|generic linux-image-extra|generic linux-image-extra|generic linux-image-extra|generic linux-image-extra|generic linux-image-extra|generic linux-image-extra
997acbbb681dc025ef531b82484caea69503fa2cf173087078d5561bfe932720,fekaputr : TTY=pts/<*> ; PWD=/home/fekaputr ; USER=root ; COMMAND=/usr/bin/apt purge apache2.<*>-common apt-xapian-index aptitude aspell-en bsh-gcj dictionaries-common emacsen-common gksu icedtea-netx-common indicator-application libboost-filesystem1.<*>.<*> libboost-iostreams1.<*>.<*> libboost-program-options1.<*>.<*> libboost-system1.<*>.<*> libboost-thread1.<*>.<*> libcdparanoia0:amd64 libcommons-validator-java libcwidget3 libept1.<*>.<*>:amd64 libgcj12 libgcj16:amd64 libgd2-xpm:amd64 libgeoclue0:amd64 libgif4:amd64 libgksu2-<*> libgnome-keyring0:amd64 libicu48 libidl0:amd64 libiec61883-<*>:amd64 libmysqlclient18:amd64 libnotify4:amd64 libpcrecpp0:amd64 libpython3.<*>-minimal:amd64 libsamplerate0:amd64 libshout3:amd64 libsigc++<*>.<*>-0c2a:amd64 libsnappy1 libspeex1:amd64 libstartup-notification0:amd64 libt1-<*> libtag1v5-vanilla:amd64 libtiff4:amd64 libxapian22 libxcb-util1:amd64 linux-image-<*>.<*>.<*>-<*>-generic linux-image-<*>.<*>.<*>-<*>-generic linux-image-<*>.<*>.<*>-<*>-generic,sepses:LogLine_e9f4370c,purge apache2|common apt-xapian-index aptitude aspell-en bsh-gcj dictionaries-common emacsen-common gksu icedtea-netx-common indicator-application libboost-filesystem1|amd64 libcommons-validator-java libcwidget3 libept1|amd64 libgcj12 libgcj16|amd64 libgd2-xpm|amd64 libgeoclue0|amd64 libgif4|amd64 libgksu2|amd64 libiec61883|amd64 libmysqlclient18|amd64 libnotify4|amd64 libpcrecpp0|amd64 libpython3|amd64 libsamplerate0|amd64 libshout3|amd64 libsigc|amd64 libsnappy1 libspeex1|amd64 libstartup-notification0|amd64 libt1|amd64 libtiff4|amd64 libxapian22 libxcb-util1|amd64 linux-image|generic linux-image|generic linux-image
2276b127d0f2bc0153346245174a03de69c4b8dcfed38fc8282caf05cb85442f,fekaputr : (command continued) linux-image-<*>.<*>.<*>-<*>-generic linux-image-<*>.<*>.<*>-<*>-generic linux-image-<*>.<*>.<*>-<*>-generic linux-image-extra-<*>.<*>.<*>-<*>-generic linux-image-extra-<*>.<*>.<*>-<*>-generic linux-image-extra-<*>.<*>.<*>-<*>-generic linux-image-extra-<*>.<*>.<*>-<*>-generic linux-image-extra-<*>.<*>.<*>-<*>-generic linux-image-extra-<*>.<*>.<*>-<*>-generic linux-image-extra-<*>.<*>.<*>-<*>-generic linux-image-extra-<*>.<*>.<*>-<*>-generic linux-image-extra-<*>.<*>.<*>-<*>-generic linux-image-extra-<*>.<*>.<*>-<*>-generic linux-image-extra-<*>.<*>.<*>-<*>-generic linux-image-extra-<*>.<*>.<*>-<*>-generic linux-image-extra-<*>.<*>.<*>-<*>-generic linux-image-extra-<*>.<*>.<*>-<*>-generic linux-image-extra-<*>.<*>.<*>-<*>-generic linux-image-extra-<*>.<*>.<*>-<*>-generic linux-image-extra-<*>.<*>.<*>-<*>-generic linux-image-extra-<*>.<*>.<*>-<*>-generic linux-image-extra-<*>.<*>.<*>-<*>-generic linux-image-extra-<*>.<*>.<*>-<*>-generic linux-image-extra-<*>.<*>.<*>-<*>-generic linux-image-extra-<*>.<*>.<*>-<*>-generic linux-image-extra-<*>.<*>.<*>-<*>-generic,sepses:LogLine_9f2e08c1,command continue|generic linux-image|generic linux-image|generic linux-image-extra|generic linux-image-extra|generic linux-image-extra|generic linux-image-extra|generic linux-image-extra|generic linux-image-extra|generic linux-image-extra|generic linux-image-extra|generic linux-image-extra|generic linux-image-extra|generic linux-image-extra|generic linux-image-extra|generic linux-image-extra|generic linux-image-extra|generic linux-image-extra|generic linux-image-extra|generic linux-image-extra|generic linux-image-extra|generic linux-image-extra|generic linux-image-extra|generic linux-image-extra|generic linux-image-extra|generic linux-image-extra
f56be76bd25c2369f6460ccc0c13c1b221e4bf25fb17943bf5d695783a622cc2,fekaputr : (command continued) linux-image-extra-<*>.<*>.<*>-<*>-generic linux-image-extra-<*>.<*>.<*>-<*>-generic linux-image-extra-<*>.<*>.<*>-<*>-generic linux-image-extra-<*>.<*>.<*>-<*>-generic linux-image-extra-<*>.<*>.<*>-<*>-generic linux-modules-<*>.<*>.<*>-<*>-generic linux-modules-<*>.<*>.<*>-<*>-generic linux-modules-<*>.<*>.<*>-<*>-generic linux-modules-<*>.<*>.<*>-<*>-generic linux-modules-<*>.<*>.<*>-<*>-generic linux-modules-<*>.<*>.<*>-<*>-generic linux-modules-<*>.<*>.<*>-<*>-generic linux-modules-<*>.<*>.<*>-<*>-generic linux-modules-<*>.<*>.<*>-<*>-generic linux-modules-<*>.<*>.<*>-<*>-generic linux-modules-<*>.<*>.<*>-<*>-generic linux-modules-<*>.<*>.<*>-<*>-generic linux-modules-<*>.<*>.<*>-<*>-generic linux-modules-<*>.<*>.<*>-<*>-generic linux-modules-extra-<*>.<*>.<*>-<*>-generic linux-modules-extra-<*>.<*>.<*>-<*>-generic linux-modules-extra-<*>.<*>.<*>-<*>-generic linux-modules-extra-<*>.<*>.<*>-<*>-generic linux-modules-extra-<*>.<*>.<*>-<*>-generic linux-modules-extra-<*>.<*>.<*>-<*>-generic linux-modules-extra-<*>.<*>.<*>-<*>-generic linux-modules-extra-<*>.<*>.<*>-<*>-generic,sepses:LogLine_445915cc,command continue|generic linux-image-extra|generic linux-image-extra|generic linux-image-extra|generic linux-image-extra|generic linux-module|generic linux-module|generic linux-module|generic linux-module|generic linux-module|generic linux-module|generic linux-module|generic linux-module|generic linux-module|generic linux-module|generic linux-module|generic linux-module|generic linux-module|generic linux-module|generic linux-modules-extra|generic linux-modules-extra|generic linux-modules-extra|generic linux-modules-extra|generic linux-modules-extra|generic linux-modules-extra|generic linux-modules-extra|generic linux-modules-extra
4c01cba186258b2348276e0d0e36f2a0fa2ed261adca78f685be7aaf68f19252,fekaputr : (command continued) linux-modules-extra-<*>.<*>.<*>-<*>-generic linux-modules-extra-<*>.<*>.<*>-<*>-generic linux-modules-extra-<*>.<*>.<*>-<*>-generic linux-modules-extra-<*>.<*>.<*>-<*>-generic linux-modules-extra-<*>.<*>.<*>-<*>-generic linux-modules-extra-<*>.<*>.<*>-<*>-generic mysql-server-<*>.<*> notification-daemon openjdk-<*>-jre-headless:amd64 openjdk-<*>-jre-headless:amd64 oracle-java7-set-default perl-modules python3.<*> python3.<*>-minimal systemd-services velocity wordpress xterm y-ppa-manager,sepses:LogLine_22a4ced2,command continue|generic linux-modules-extra|generic linux-modules-extra|generic linux-modules-extra|generic linux-modules-extra|generic linux-modules-extra|generic mysql-server|notification-daemon openjdk|amd64 openjdk|amd64 oracle-java7-set-default perl-module python3|minimal systemd-service velocity wordpress xterm y-ppa-manager
a3afab63207ee35d6a18894f3c86ab8f0e99543e9cb64520ab9a2800b1700ac3,Received signal <*>; terminating.,sepses:LogLine_903531a0,receive signal
6c1d93b3ac23eeb9ce3ebe98ffd5e94d2543ecc840c728c1e26125fc7869401b,pam_unix(systemd-user:session): session closed for user fekaputr,sepses:LogLine,session close|user fekaputr
a56a0a50647b54e132320011b63fba21e298056bcd849a7f6ab60dd3451ea32e,pam_systemd(sshd:session): Failed to release session: Interrupted system call,sepses:LogLine,release session|interrupt system call
91d0e775ee1d528c0b5264ef97f1113750e915ec4cbe0333bbc90a0338948a22,Removed session <*>.,sepses:LogLine_168e7166,remove session
a31d4c69a4d72fca42f15e363dfc0b40b1d79aed67f12242d77f3163af8b61d1,PAM unable to <*> <*> cannot open shared object file: No such file or directory,sepses:LogLine_210f0e15,pam unable|open shared object file|such file
9829250e216b3783e3366fdca9d4f25c8074770a8438c0166cd1a119312056cc,PAM adding faulty module: <*>,sepses:LogLine_9841f12c,pam add faulty module
2db263523f5b3016a77ebb4841448a267e08818c75d816b4c4a2b4caa7fe5e9a,delete user 'systemd-bus-proxy',sepses:LogLine,delete user
22f481bb78792a831452d634bcd6a8025f5c820019fdfd869cfc7c8704a6dc85,removed group 'systemd-bus-proxy' owned by 'systemd-bus-proxy',sepses:LogLine,remove group
3f9baeee237a85519c113bf31a75b63f43777aebaf3e17d32d67cc1c2b6e23a5,removed shadow group 'systemd-bus-proxy' owned by 'systemd-bus-proxy',sepses:LogLine,remove shadow group
b31708b529fdd8656e511753168932bc5cbda7ccac9f122167abe1a6a82806c1,Successful su for postgres by root,sepses:LogLine,successful su
86e1a44a67ac715c433421c0c0c996fbf05a9236ba66df25e132da4837c8ef5e,+ ??? root:postgres,sepses:LogLine,
72499d4341efe1227693f8b8357abab13fb75cb631b1c1ca96cdab159cb73503,pam_unix(su:session): session opened for user postgres by (uid=<*>),sepses:LogLine_77428942,session open|user postgre
e2bb72d3ac76cb027244bcc2871c57f49afbc770c9711abb84a898e3c4142242,pam_systemd(su:session): Cannot create session: Already running in a session,sepses:LogLine,create session
bbeb0c54580677e0f457f8489d34fb9d4a4aa66041e789e1f21d767a99037cc0,pam_unix(su:session): session closed for user postgres,sepses:LogLine,session close|user postgre
5b6098768b925defb4b78de1a681edb6eb1244e2058e77945ca0a3c06810c4a7,user 'root' (login 'fekaputr' on pts/<*>) <*> to group <*>,sepses:LogLine_26b1a3de,
b055529af09ce34b0337f8c02ed7fd7be60b9aeaa2c7d349c2c8ab543e63587f,group added to /etc/group: <*> GID=<*>,sepses:LogLine_b72edb09,group add
cd63b53c3cbf4d5b0b051cb75d9930e5052cc0c60f26b01890d323fd01801c38,group added to /etc/gshadow: <*>,sepses:LogLine_7b1cd48d,group add
cec663ec746362cfd77e1b10e22f50fbc44359467a3d3bfaf2aa6c40a4b5b189,new group: <*> GID=<*>,sepses:LogLine_724c882e,new group
9400e65b8fd2d44e1ac24fca05001d0e8bfd129f87b4a22c7fdd2d13a67dc1e4,"new user: <*> UID=<*>, GID=<*>, <*> <*>",sepses:LogLine_74f6c0c1,new user
24cd90049f2c284804f0751a44af5c1882d55da6655b7da7dcd6f74126b33e9d,change user <*> password,sepses:LogLine_c1056d3a,change user
56e2a7aa6897ddbf3c81fb40991bde3fb3c6940662d04c715acd02177140ea48,changed password expiry for <*>,sepses:LogLine_82466679,change password expiry
a5fb9927a5a4626d08eb52239b05838f231df92bc2a9dc1e663595cfd32c5f37,user saned added by root to group scanner,sepses:LogLine,user san add|group scanner
e6a0108e305cde9919ec984cea6946490aa730eb21cc7c91bfa5ab8d5d0652ee,Watching system buttons on /dev/input/event1 (AT Translated Set <*> keyboard),sepses:LogLine_4f3050d4,watch system button|translate set
0bac3c0b5ccf35d82e829425496a2d55bca705b4fa798ba7c23294069f03cfa6,rexec line <*>: Deprecated option <*>,sepses:LogLine_24e5bf62,rexec line|deprecate option
908f57c4cbd28f6d53464f25c9c6fe25543570a1ed28fe8804c3648b2672555a,reprocess config line <*>: Deprecated option <*>,sepses:LogLine_5ff0ad5e,reprocess config line|deprecate option
9f37ea8329fabb65b80d0696500c43072372df9a0e1b114ad9b9e68348cbd216,Invalid user <*> from <*> port <*>,sepses:LogLine_38dda80a,invalid user
f8a07539d26e0efa7b4923bca75e6b5fea35394b55fba05f695ab54348e1b3ee,Disconnected from <*> user <*> <*> port <*> [preauth],sepses:LogLine_2552eb03,
27fd2796c7e5209936c1b364e27f899102d4f6656d3c8cc3ee2acdeab93a583d,fekaputr : TTY=pts/<*> ; <*> ; USER=root ; <*> <*> <*> <*> <*>,sepses:LogLine_cc0d4f22,
d6156c5f19fdd33d94afdaa889f2d28038b94c937b2c7857e1d540d9e841e480,Connection closed by <*> user <*> <*> port <*> [preauth],sepses:LogLine_f000e4fa,connection close
a9849e6bee9aeb6cfee280dfc9468e0f8e379bd674c233bdc58475072340c832,Did not receive identification string from <*> port <*>,sepses:LogLine_cf94a865,receive identification string
caba367889006a52ad7598b6f8462c7d34542341aceb65af34e64808ede29206,pam_unix(sudo:auth): authentication failure; logname=fekaputr uid=<*> euid=<*> tty=/dev/pts/<*> ruser=fekaputr rhost= user=fekaputr,sepses:LogLine_723587a4,authentication failure
a378a58964916a16b95b1505a9135cf7b134aab8bbac97e81419cb612f08c7a6,Disconnected from user fekaputr <*> port <*>,sepses:LogLine_94546794,user fekaputr
0cc9ab17fd7a4b08b99d8317bbb3ea65ffb9f61e7abac0dfe5c6e0c374c01f81,fekaputr : TTY=pts/<*> ; <*> ; USER=root ; <*> <*> <*> <*>,sepses:LogLine_4ef4ebe6,
bf68c4b75e755339a50d3b47ede25693d692f9b24d651ed76bc49b49b44f2616,"Registered Authentication Agent for unix-process:<*>:<*> (system bus name :<*>.<*> [/usr/bin/pkttyagent --notify-fd <*> --fallback], object path /org/freedesktop/PolicyKit1/AuthenticationAgent, locale C.UTF-<*>)",sepses:LogLine_d99aa8f9,Registered Authentication Agent|system bus name|object path
921ab5325f3e43a3ea37ce79900147a0f371f206b367f02f73b5950617270f95,Operator of unix-process:<*>:<*> successfully authenticated as unix-user:fekaputr to gain ONE-SHOT authorization for action org.freedesktop.systemd1.manage-units for system-bus-name::<*>.<*> [systemctl <*> apache2] (owned by unix-user:fekaputr),sepses:LogLine_cd0bc9b6,gain one-shot authorization|action org.freedesktop.systemd1.manage-unit
e5185da664895d5c1164433bb91a32ebae3c5bec86db59431edc032fdf8a8bba,"Unregistered Authentication Agent for unix-process:<*>:<*> (system bus name :<*>.<*>, object path /org/freedesktop/PolicyKit1/AuthenticationAgent, locale C.UTF-<*>) (disconnected from bus)",sepses:LogLine_35340d74,unregistered authentication Agent|system bus name|object path
b50e157fd953432caf558c28ce5090f388660fdbf8a9aa8fbaffef01359f5490,fekaputr : TTY=pts/<*> ; PWD=/var/www ; USER=root ; COMMAND=/bin/mv cv.html ekaw14-queries.html index.html links.html research.html teaching.html tester.html old-website/,sepses:LogLine_78b3fa21,cv.html ekaw14-queries.html index.html links.html research.html teaching.html tester.html old-website
105592460ce00706775fe954f9856b5da7f10eebf7c6b186c066094c400ef5d6,fekaputr : TTY=pts/<*> ; PWD=/var/www/wordpress ; USER=root ; COMMAND=/bin/chown www-data:www-data cityspin-net juang-id obaris-org -R,sepses:LogLine_4a8d65bf,www-data cityspin-net juang-id obaris-org
752078354543b1914f6b87306c2654cdc79201566f7d2880826d31ba52d54589,add 'fekaputr' to group 'www-data',sepses:LogLine,
471559fd94f54ffa69b98931ad63a59486697bf99b73f73cae1d8a39bc536e44,add 'fekaputr' to shadow group 'www-data',sepses:LogLine,shadow group
01a853dd413515e8630e9582fb5a289fdb1cbb36e22d4ca15496c7b58d9d48d5,"Unable to negotiate with <*> port <*>: no matching cipher found. Their offer: aes256-cbc,rijndael-cbc@lysator.liu.se,aes192-cbc,aes128-cbc,arcfour128,arcfour,3des-cbc,none [preauth]",sepses:LogLine_ce4ff18e,matching cipher find
ca745d3a10e9c9361c71a57785e48d0476746d722664bc1d51882b5f70a603aa,fekaputr : TTY=pts/<*> ; PWD=/var/log ; USER=root ; COMMAND=/bin/cp alternatives.log alternatives.log.<*> alternatives.log.<*>.gz alternatives.log.<*>.gz alternatives.log.<*>.gz alternatives.log.<*>.gz alternatives.log.<*>.gz alternatives.log.<*>.gz alternatives.log.<*>.gz alternatives.log.<*>.gz alternatives.log.<*>.gz alternatives.log.<*>.gz alternatives.log.<*>.gz apache2 apport.log apport.log.<*> apport.log.<*>.gz apport.log.<*>.gz apt auth.log auth.log.<*> auth.log.<*>.gz auth.log.<*>.gz auth.log.<*>.gz boot boot.log btmp btmp.<*> dbconfig-common denyhosts denyhosts.<*> denyhosts.<*>.gz denyhosts.<*>.gz denyhosts.<*>.gz denyhosts.<*>.gz denyhosts.<*>.gz denyhosts.<*>.gz dist-upgrade dmesg dmesg.<*> dmesg.<*>.gz dmesg.<*>.gz dmesg.<*>.gz dmesg.<*>.gz dpkg.log dpkg.log.<*> dpkg.log.<*>.gz dpkg.log.<*>.gz dpkg.log.<*>.gz dpkg.log.<*>.gz dpkg.log.<*>.gz dpkg.log.<*>.gz dpkg.log.<*>.gz dpkg.log.<*>.gz dpkg.log.<*>.gz dpkg.log.<*>.gz dpkg.log.<*>.gz fail2ban.log fail2ban.log.<*> fail2ban.log.<*>.gz fail2ban.log.<*>.gz,sepses:LogLine_274644bc,alternatives.log alternatives.log|gz alternatives.log|gz alternatives.log|gz alternatives.log|gz alternatives.log|gz alternatives.log|gz alternatives.log|gz alternatives.log|gz alternatives.log|gz alternatives.log|gz alternatives.log|gz apache2 apport.log apport.log|gz apport.log|gz apt auth.log auth.log|gz auth.log|gz auth.log|gz boot boot.log btmp btmp|dbconfig-common denyhost denyhost|gz denyhost|gz denyhost|gz denyhost|gz denyhost|gz denyhost|gz dist-upgrade dmesg dmesg|gz dmesg|gz dmesg|gz dmesg|gz dpkg.log dpkg.log|gz dpkg.log|gz dpkg.log|gz dpkg.log|gz dpkg.log|gz dpkg.log|gz dpkg.log|gz dpkg.log|gz dpkg.log|gz dpkg.log|gz dpkg.log|gz fail2ban.log fail2ban.log|gz fail2ban.log
f5f53a2cb74a5998533fcad368d97c0d03e92592cd57643017170487f8894205,fekaputr : (command continued) fail2ban.log.<*>.gz faillog fontconfig.log fsck installer journal kern.log kern.log.<*> kern.log.<*>.gz kern.log.<*>.gz kern.log.<*>.gz landscape lastlog mail.err mail.log mongodb mysql mysql.err mysql.log mysql.log.<*>.gz mysql.log.<*>.gz mysql.log.<*>.gz mysql.log.<*>.gz mysql.log.<*>.gz mysql.log.<*>.gz mysql.log.<*>.gz news postgresql syslog syslog.<*> syslog.<*>.gz syslog.<*>.gz syslog.<*>.gz syslog.<*>.gz syslog.<*>.gz syslog.<*>.gz sysstat tallylog ufw.log ufw.log.<*> ufw.log.<*>.gz ufw.log.<*>.gz ufw.log.<*>.gz unattended-upgrades upgrade upstart vmware-install.log vmware-tools-upgrader.log vmware-vmsvc-root.<*>.log vmware-vmsvc-root.<*>.log vmware-vmsvc-root.<*>.log vmware-vmsvc-root.log vmware-vmsvc.<*>.log vmware-vmsvc.<*>.log vmware-vmsvc.<*>.log vmware-vmsvc.log vmware-vmtoolsd-root.log wtmp wtmp.<*> /home/fekaputr/log-backup/,sepses:LogLine_63bca440,command continue|gz faillog fontconfig.log fsck installer journal kern.log kern.log|gz kern.log|gz kern.log|gz landscape lastlog mail.err mail.log mongodb mysql mysql.err mysql.log mysql.log|gz mysql.log|gz mysql.log|gz mysql.log|gz mysql.log|gz mysql.log|gz mysql.log|gz news postgresql syslog syslog|gz syslog|gz syslog|gz syslog|gz syslog|gz syslog|gz sysstat tallylog ufw.log ufw.log|gz ufw.log|gz ufw.log|gz unattended-upgrades upgrade upstart vmware-install|log vmware-tools-upgrader|log vmware-vmsvc-root|log vmware-vmsvc-root|log vmware-vmsvc-root|log vmware-vmsvc-root|log vmware-vmsvc|log vmware-vmsvc|log vmware-vmsvc|log vmware-vmsvc|log vmware-vmtoolsd-root|log wtmp wtmp
158eb55b06f17a66688f3b45869ae86a300b284c32bd274f926f71551ae5cf5d,fekaputr : TTY=pts/<*> ; PWD=/var/log ; USER=root ; COMMAND=/bin/cp -rf alternatives.log alternatives.log.<*> alternatives.log.<*>.gz alternatives.log.<*>.gz alternatives.log.<*>.gz alternatives.log.<*>.gz alternatives.log.<*>.gz alternatives.log.<*>.gz alternatives.log.<*>.gz alternatives.log.<*>.gz alternatives.log.<*>.gz alternatives.log.<*>.gz alternatives.log.<*>.gz apache2 apport.log apport.log.<*> apport.log.<*>.gz apport.log.<*>.gz apt auth.log auth.log.<*> auth.log.<*>.gz auth.log.<*>.gz auth.log.<*>.gz boot boot.log btmp btmp.<*> dbconfig-common denyhosts denyhosts.<*> denyhosts.<*>.gz denyhosts.<*>.gz denyhosts.<*>.gz denyhosts.<*>.gz denyhosts.<*>.gz denyhosts.<*>.gz dist-upgrade dmesg dmesg.<*> dmesg.<*>.gz dmesg.<*>.gz dmesg.<*>.gz dmesg.<*>.gz dpkg.log dpkg.log.<*> dpkg.log.<*>.gz dpkg.log.<*>.gz dpkg.log.<*>.gz dpkg.log.<*>.gz dpkg.log.<*>.gz dpkg.log.<*>.gz dpkg.log.<*>.gz dpkg.log.<*>.gz dpkg.log.<*>.gz dpkg.log.<*>.gz dpkg.log.<*>.gz fail2ban.log fail2ban.log.<*> fail2ban.log.<*>.gz fail2ban.log.<*>.gz,sepses:LogLine_a189c27a,rf alternatives.log alternatives.log|gz alternatives.log|gz alternatives.log|gz alternatives.log|gz alternatives.log|gz alternatives.log|gz alternatives.log|gz alternatives.log|gz alternatives.log|gz alternatives.log|gz alternatives.log|gz apache2 apport.log apport.log|gz apport.log|gz apt auth.log auth.log|gz auth.log|gz auth.log|gz boot boot.log btmp btmp|dbconfig-common denyhost denyhost|gz denyhost|gz denyhost|gz denyhost|gz denyhost|gz denyhost|gz dist-upgrade dmesg dmesg|gz dmesg|gz dmesg|gz dmesg|gz dpkg.log dpkg.log|gz dpkg.log|gz dpkg.log|gz dpkg.log|gz dpkg.log|gz dpkg.log|gz dpkg.log|gz dpkg.log|gz dpkg.log|gz dpkg.log|gz dpkg.log|gz fail2ban.log fail2ban.log|gz fail2ban.log
1d1b20a1e4ac4d18d334144e236ed19bfa9413a5697b2faca73ad10d3b5f9d51,Invalid user from <*> port <*>,sepses:LogLine_fd03fc20,invalid user
c5b4d01e3aee80b3bf9aecdfca24aa9446aabf5bc648a4144b965be45765c78a,Connection closed by invalid user <*> port <*> [preauth],sepses:LogLine_51e68d3a,connection close|invalid user
6a9b923a8de1d709bbcf094933fb287c377afa7aaecb62a2099a7fa91b4af83f,fekaputr : TTY=pts/<*> ; <*> ; USER=root ; COMMAND=/usr/bin/auditbeat setup -e -E <*> -E output.elasticsearch.hosts=[localhost:<*>] -E <*> -E <*> -E setup.kibana.host=localhost:<*>,sepses:LogLine_19a6fb73,
f764684bb7abd09a60161252be167bd8b63f032a1cd0c75d3724e6cdc629ad73,fekaputr : TTY=pts/<*> ; PWD=/etc/logstash ; USER=root ; COMMAND=/usr/bin/auditbeat setup -e -E output.file.enabled=true -E setup.kibana.host=localhost:<*>,sepses:LogLine_5e32d106,
